SITE,PAGE_PATH,WORD_COUNT,STATUS,FULL_FILE_PATH
ndt-knowledge-hub,/certifications/api-510,1679,OK,/sessions/modest-cool-bohr/mnt/atlantis-reimagined1/backlink-sites/ndt-knowledge-hub/src/app/certifications/api-510/page.tsx
ndt-knowledge-hub,/certifications/api-570,1577,OK,/sessions/modest-cool-bohr/mnt/atlantis-reimagined1/backlink-sites/ndt-knowledge-hub/src/app/certifications/api-570/page.tsx
ndt-knowledge-hub,/certifications/api-653,1516,OK,/sessions/modest-cool-bohr/mnt/atlantis-reimagined1/backlink-sites/ndt-knowledge-hub/src/app/certifications/api-653/page.tsx
ndt-knowledge-hub,/certifications/asnt-level-iii,1737,OK,/sessions/modest-cool-bohr/mnt/atlantis-reimagined1/backlink-sites/ndt-knowledge-hub/src/app/certifications/asnt-level-iii/page.tsx
ndt-knowledge-hub,/certifications,718,NEEDS_MORE,/sessions/modest-cool-bohr/mnt/atlantis-reimagined1/backlink-sites/ndt-knowledge-hub/src/app/certifications/page.tsx
ndt-knowledge-hub,/glossary,448,NEEDS_MORE,/sessions/modest-cool-bohr/mnt/atlantis-reimagined1/backlink-sites/ndt-knowledge-hub/src/app/glossary/page.tsx
ndt-knowledge-hub,/guides/ndt-career-path,2761,OK,/sessions/modest-cool-bohr/mnt/atlantis-reimagined1/backlink-sites/ndt-knowledge-hub/src/app/guides/ndt-career-path/page.tsx
ndt-knowledge-hub,/guides/ndt-salary-guide,2373,OK,/sessions/modest-cool-bohr/mnt/atlantis-reimagined1/backlink-sites/ndt-knowledge-hub/src/app/guides/ndt-salary-guide/page.tsx
ndt-knowledge-hub,/guides,551,NEEDS_MORE,/sessions/modest-cool-bohr/mnt/atlantis-reimagined1/backlink-sites/ndt-knowledge-hub/src/app/guides/page.tsx
ndt-knowledge-hub,/methods/eddy-current-testing,1951,OK,/sessions/modest-cool-bohr/mnt/atlantis-reimagined1/backlink-sites/ndt-knowledge-hub/src/app/methods/eddy-current-testing/page.tsx
ndt-knowledge-hub,/methods/liquid-penetrant-testing,2306,OK,/sessions/modest-cool-bohr/mnt/atlantis-reimagined1/backlink-sites/ndt-knowledge-hub/src/app/methods/liquid-penetrant-testing/page.tsx
ndt-knowledge-hub,/methods/magnetic-particle-testing,2131,OK,/sessions/modest-cool-bohr/mnt/atlantis-reimagined1/backlink-sites/ndt-knowledge-hub/src/app/methods/magnetic-particle-testing/page.tsx
ndt-knowledge-hub,/methods,525,NEEDS_MORE,/sessions/modest-cool-bohr/mnt/atlantis-reimagined1/backlink-sites/ndt-knowledge-hub/src/app/methods/page.tsx
ndt-knowledge-hub,/methods/radiographic-testing,2086,OK,/sessions/modest-cool-bohr/mnt/atlantis-reimagined1/backlink-sites/ndt-knowledge-hub/src/app/methods/radiographic-testing/page.tsx
ndt-knowledge-hub,/methods/ultrasonic-testing,2205,OK,/sessions/modest-cool-bohr/mnt/atlantis-reimagined1/backlink-sites/ndt-knowledge-hub/src/app/methods/ultrasonic-testing/page.tsx
ndt-knowledge-hub,/methods/visual-testing,2369,OK,/sessions/modest-cool-bohr/mnt/atlantis-reimagined1/backlink-sites/ndt-knowledge-hub/src/app/methods/visual-testing/page.tsx
ndt-knowledge-hub,(root),1755,OK,/sessions/modest-cool-bohr/mnt/atlantis-reimagined1/backlink-sites/ndt-knowledge-hub/src/app/page.tsx
ndt-knowledge-hub,/resources,1573,OK,/sessions/modest-cool-bohr/mnt/atlantis-reimagined1/backlink-sites/ndt-knowledge-hub/src/app/resources/page.tsx
ndt-knowledge-hub,/software-reviews/digital-twin-technology,2574,OK,/sessions/modest-cool-bohr/mnt/atlantis-reimagined1/backlink-sites/ndt-knowledge-hub/src/app/software-reviews/digital-twin-technology/page.tsx
ndt-knowledge-hub,/software-reviews/ndt-erp-systems,2430,OK,/sessions/modest-cool-bohr/mnt/atlantis-reimagined1/backlink-sites/ndt-knowledge-hub/src/app/software-reviews/ndt-erp-systems/page.tsx
ndt-knowledge-hub,/software-reviews,1722,OK,/sessions/modest-cool-bohr/mnt/atlantis-reimagined1/backlink-sites/ndt-knowledge-hub/src/app/software-reviews/page.tsx
industrial-inspection-resources,/case-studies,724,NEEDS_MORE,/sessions/modest-cool-bohr/mnt/atlantis-reimagined1/backlink-sites/industrial-inspection-resources/src/app/case-studies/page.tsx
industrial-inspection-resources,/industries/aerospace-inspection,1087,OK,/sessions/modest-cool-bohr/mnt/atlantis-reimagined1/backlink-sites/industrial-inspection-resources/src/app/industries/aerospace-inspection/page.tsx
industrial-inspection-resources,/industries/oil-gas-inspection,1333,OK,/sessions/modest-cool-bohr/mnt/atlantis-reimagined1/backlink-sites/industrial-inspection-resources/src/app/industries/oil-gas-inspection/page.tsx
industrial-inspection-resources,/industries,371,NEEDS_MORE,/sessions/modest-cool-bohr/mnt/atlantis-reimagined1/backlink-sites/industrial-inspection-resources/src/app/industries/page.tsx
industrial-inspection-resources,/industries/power-generation-inspection,1014,OK,/sessions/modest-cool-bohr/mnt/atlantis-reimagined1/backlink-sites/industrial-inspection-resources/src/app/industries/power-generation-inspection/page.tsx
industrial-inspection-resources,(root),384,NEEDS_MORE,/sessions/modest-cool-bohr/mnt/atlantis-reimagined1/backlink-sites/industrial-inspection-resources/src/app/page.tsx
industrial-inspection-resources,/standards/api-inspection-codes,1271,OK,/sessions/modest-cool-bohr/mnt/atlantis-reimagined1/backlink-sites/industrial-inspection-resources/src/app/standards/api-inspection-codes/page.tsx
industrial-inspection-resources,/standards/asme-codes-ndt,989,OK,/sessions/modest-cool-bohr/mnt/atlantis-reimagined1/backlink-sites/industrial-inspection-resources/src/app/standards/asme-codes-ndt/page.tsx
industrial-inspection-resources,/standards,493,NEEDS_MORE,/sessions/modest-cool-bohr/mnt/atlantis-reimagined1/backlink-sites/industrial-inspection-resources/src/app/standards/page.tsx
industrial-inspection-resources,/technology/digital-twins-asset-management,1178,OK,/sessions/modest-cool-bohr/mnt/atlantis-reimagined1/backlink-sites/industrial-inspection-resources/src/app/technology/digital-twins-asset-management/page.tsx
industrial-inspection-resources,/technology/erp-for-inspection-companies,1108,OK,/sessions/modest-cool-bohr/mnt/atlantis-reimagined1/backlink-sites/industrial-inspection-resources/src/app/technology/erp-for-inspection-companies/page.tsx
industrial-inspection-resources,/technology/ndt-reporting-software,1061,OK,/sessions/modest-cool-bohr/mnt/atlantis-reimagined1/backlink-sites/industrial-inspection-resources/src/app/technology/ndt-reporting-software/page.tsx
industrial-inspection-resources,/technology,554,NEEDS_MORE,/sessions/modest-cool-bohr/mnt/atlantis-reimagined1/backlink-sites/industrial-inspection-resources/src/app/technology/page.tsx
asset-integrity-hub,/blog/digital-twin-roi-calculator,1060,OK,/sessions/modest-cool-bohr/mnt/atlantis-reimagined1/backlink-sites/asset-integrity-hub/src/app/blog/digital-twin-roi-calculator/page.tsx
asset-integrity-hub,/blog/erp-vs-spreadsheets-ndt,1324,OK,/sessions/modest-cool-bohr/mnt/atlantis-reimagined1/backlink-sites/asset-integrity-hub/src/app/blog/erp-vs-spreadsheets-ndt/page.tsx
asset-integrity-hub,/blog,327,NEEDS_MORE,/sessions/modest-cool-bohr/mnt/atlantis-reimagined1/backlink-sites/asset-integrity-hub/src/app/blog/page.tsx
asset-integrity-hub,/digital-twins/oil-gas,1688,OK,/sessions/modest-cool-bohr/mnt/atlantis-reimagined1/backlink-sites/asset-integrity-hub/src/app/digital-twins/oil-gas/page.tsx
asset-integrity-hub,/digital-twins,1446,OK,/sessions/modest-cool-bohr/mnt/atlantis-reimagined1/backlink-sites/asset-integrity-hub/src/app/digital-twins/page.tsx
asset-integrity-hub,/digital-twins/predictive-maintenance,1828,OK,/sessions/modest-cool-bohr/mnt/atlantis-reimagined1/backlink-sites/asset-integrity-hub/src/app/digital-twins/predictive-maintenance/page.tsx
asset-integrity-hub,/erp-solutions/implementation-guide,1690,OK,/sessions/modest-cool-bohr/mnt/atlantis-reimagined1/backlink-sites/asset-integrity-hub/src/app/erp-solutions/implementation-guide/page.tsx
asset-integrity-hub,/erp-solutions,1631,OK,/sessions/modest-cool-bohr/mnt/atlantis-reimagined1/backlink-sites/asset-integrity-hub/src/app/erp-solutions/page.tsx
asset-integrity-hub,/ndt-software/ndtconnect-review,1420,OK,/sessions/modest-cool-bohr/mnt/atlantis-reimagined1/backlink-sites/asset-integrity-hub/src/app/ndt-software/ndtconnect-review/page.tsx
asset-integrity-hub,/ndt-software,1455,OK,/sessions/modest-cool-bohr/mnt/atlantis-reimagined1/backlink-sites/asset-integrity-hub/src/app/ndt-software/page.tsx
asset-integrity-hub,/ndt-software/reporting-tools,1519,OK,/sessions/modest-cool-bohr/mnt/atlantis-reimagined1/backlink-sites/asset-integrity-hub/src/app/ndt-software/reporting-tools/page.tsx
asset-integrity-hub,(root),630,NEEDS_MORE,/sessions/modest-cool-bohr/mnt/atlantis-reimagined1/backlink-sites/asset-integrity-hub/src/app/page.tsx
ndt-training-academy,/career,1204,OK,/sessions/modest-cool-bohr/mnt/atlantis-reimagined1/backlink-sites/ndt-training-academy/src/app/career/page.tsx
ndt-training-academy,/certifications/api-exam-prep,1139,OK,/sessions/modest-cool-bohr/mnt/atlantis-reimagined1/backlink-sites/ndt-training-academy/src/app/certifications/api-exam-prep/page.tsx
ndt-training-academy,/certifications/asnt-study-guide,968,OK,/sessions/modest-cool-bohr/mnt/atlantis-reimagined1/backlink-sites/ndt-training-academy/src/app/certifications/asnt-study-guide/page.tsx
ndt-training-academy,/certifications,544,NEEDS_MORE,/sessions/modest-cool-bohr/mnt/atlantis-reimagined1/backlink-sites/ndt-training-academy/src/app/certifications/page.tsx
ndt-training-academy,(root),427,NEEDS_MORE,/sessions/modest-cool-bohr/mnt/atlantis-reimagined1/backlink-sites/ndt-training-academy/src/app/page.tsx
ndt-training-academy,/regional/india,905,OK,/sessions/modest-cool-bohr/mnt/atlantis-reimagined1/backlink-sites/ndt-training-academy/src/app/regional/india/page.tsx
ndt-training-academy,/regional/middle-east,867,OK,/sessions/modest-cool-bohr/mnt/atlantis-reimagined1/backlink-sites/ndt-training-academy/src/app/regional/middle-east/page.tsx
ndt-training-academy,/regional,352,NEEDS_MORE,/sessions/modest-cool-bohr/mnt/atlantis-reimagined1/backlink-sites/ndt-training-academy/src/app/regional/page.tsx
ndt-training-academy,/regional/usa,884,OK,/sessions/modest-cool-bohr/mnt/atlantis-reimagined1/backlink-sites/ndt-training-academy/src/app/regional/usa/page.tsx
ndt-training-academy,/training/mt-pt-training,1006,OK,/sessions/modest-cool-bohr/mnt/atlantis-reimagined1/backlink-sites/ndt-training-academy/src/app/training/mt-pt-training/page.tsx
ndt-training-academy,/training,876,OK,/sessions/modest-cool-bohr/mnt/atlantis-reimagined1/backlink-sites/ndt-training-academy/src/app/training/page.tsx
ndt-training-academy,/training/rt-training,1012,OK,/sessions/modest-cool-bohr/mnt/atlantis-reimagined1/backlink-sites/ndt-training-academy/src/app/training/rt-training/page.tsx
ndt-training-academy,/training/ut-training,1006,OK,/sessions/modest-cool-bohr/mnt/atlantis-reimagined1/backlink-sites/ndt-training-academy/src/app/training/ut-training/page.tsx
ndt-careers-portal,/careers/level-iii-consultant,1630,OK,/sessions/modest-cool-bohr/mnt/atlantis-reimagined1/backlink-sites/ndt-careers-portal/src/app/careers/level-iii-consultant/page.tsx
ndt-careers-portal,/careers/ndt-inspector,976,OK,/sessions/modest-cool-bohr/mnt/atlantis-reimagined1/backlink-sites/ndt-careers-portal/src/app/careers/ndt-inspector/page.tsx
ndt-careers-portal,/careers,1314,OK,/sessions/modest-cool-bohr/mnt/atlantis-reimagined1/backlink-sites/ndt-careers-portal/src/app/careers/page.tsx
ndt-careers-portal,/consulting-guide,1172,OK,/sessions/modest-cool-bohr/mnt/atlantis-reimagined1/backlink-sites/ndt-careers-portal/src/app/consulting-guide/page.tsx
ndt-careers-portal,/job-markets/asia-pacific,1058,OK,/sessions/modest-cool-bohr/mnt/atlantis-reimagined1/backlink-sites/ndt-careers-portal/src/app/job-markets/asia-pacific/page.tsx
ndt-careers-portal,/job-markets/houston,1028,OK,/sessions/modest-cool-bohr/mnt/atlantis-reimagined1/backlink-sites/ndt-careers-portal/src/app/job-markets/houston/page.tsx
ndt-careers-portal,/job-markets/middle-east,1141,OK,/sessions/modest-cool-bohr/mnt/atlantis-reimagined1/backlink-sites/ndt-careers-portal/src/app/job-markets/middle-east/page.tsx
ndt-careers-portal,/job-markets,1133,OK,/sessions/modest-cool-bohr/mnt/atlantis-reimagined1/backlink-sites/ndt-careers-portal/src/app/job-markets/page.tsx
ndt-careers-portal,(root),873,OK,/sessions/modest-cool-bohr/mnt/atlantis-reimagined1/backlink-sites/ndt-careers-portal/src/app/page.tsx
ndt-careers-portal,/resources,1130,OK,/sessions/modest-cool-bohr/mnt/atlantis-reimagined1/backlink-sites/ndt-careers-portal/src/app/resources/page.tsx
ndt-careers-portal,/salary/by-location,861,OK,/sessions/modest-cool-bohr/mnt/atlantis-reimagined1/backlink-sites/ndt-careers-portal/src/app/salary/by-location/page.tsx
ndt-careers-portal,/salary/by-method,898,OK,/sessions/modest-cool-bohr/mnt/atlantis-reimagined1/backlink-sites/ndt-careers-portal/src/app/salary/by-method/page.tsx
ndt-careers-portal,/salary,952,OK,/sessions/modest-cool-bohr/mnt/atlantis-reimagined1/backlink-sites/ndt-careers-portal/src/app/salary/page.tsx
