target_name,target_type,url,contact_email_or_form,priority,atlantis_angle,notes
ASNT - American Society for Nondestructive Testing,industry-body,https://asnt.org,customersupport@asnt.org (verify before sending),P1,Add Atlantis NDT ERP to member resource directory; free SNT-TC-1A aligned certification tracking templates,Largest NDT body globally; member resource hub is key listing
BINDT - British Institute of Non-Destructive Testing,industry-body,https://www.bindt.org,info@bindt.org (verify before sending),P1,Feature Atlantis ERP in BINDT supplier/services directory; ISO 9712 aligned templates,Strong UK/EU reach; PCN scheme alignment
AINDT - Australian Institute for Non-Destructive Testing,industry-body,https://aindt.com.au,office@aindt.com.au (verify before sending),P1,Listing in member services; AS 3998 / ISO 9712 templates available,Strong APAC presence
ISNT - Indian Society for Non-Destructive Testing,industry-body,https://isnt.in,isnthq@gmail.com (verify before sending),P1,Atlantis is India-based (Hyderabad ops); regional ERP partner for NDT shops,Founder is India-origin; natural fit
ABENDI - Brazilian Association of NDT and Inspection,industry-body,https://www.abendi.org.br,abendi@abendi.org.br (verify before sending),P2,Portuguese localization in roadmap; LATAM ERP partner,Large Brazil oil & gas NDT base
DGZfP - German Society for Non-Destructive Testing,industry-body,https://www.dgzfp.de,mail@dgzfp.de (verify before sending),P2,EN ISO 9712 aligned templates; DACH region ERP,Strong European technical authority
COFREND - French Confederation for NDT,industry-body,https://www.cofrend.com,contact@cofrend.com (verify before sending),P2,COFREND certification tracking templates,Aerospace NDT authority in France
CINDE - Canadian Institute for NDE,industry-body,https://www.cinde.ca,info@cinde.ca (verify before sending),P1,CGSB scheme tracking; aligns with founder's Canadian immigration interest,Canadian market entry target
JSNDI - Japanese Society for Non-Destructive Inspection,industry-body,https://www.jsndi.jp,jsndi-info@jsndi.or.jp (verify before sending),P3,JIS Z 2305 aligned tracking,Japan market entry secondary priority
KSNT - Korean Society for Non-destructive Testing,industry-body,https://www.ksnt.or.kr,ksnt@ksnt.or.kr (verify before sending),P3,KS B ISO 9712 templates,Korean shipbuilding NDT base
NDT Society of Singapore,industry-body,https://www.ndtss.org.sg,info@ndtss.org.sg (verify before sending),P2,APAC offshore market entry,Maritime / offshore hub
TWI - The Welding Institute,industry-body,https://www.twi-global.com,contactus@twi.co.uk (verify before sending),P1,Recommended ERP for TWI training graduates,Globally recognized welding/NDT authority
HKNDTS - Hong Kong NDT Society,industry-body,https://www.hkndts.org.hk,info@hkndts.org.hk (verify before sending),P3,APAC listing,Smaller body but feeds China market
SANDTA - South African NDT Association,industry-body,https://www.sandta.co.za,admin@sandta.co.za (verify before sending),P2,Africa market entry; mining and petrochemical NDT,Underserved region
SAINT - Saudi Arabian Inspection NDT Association,industry-body,https://www.saint.org.sa (verify before sending),contact form on site (verify before sending),P1,Founder is Saudi-based; Aramco supplier ecosystem,Strong founder home-market angle
Materials Evaluation (ASNT journal),trade-publication,https://www.asnt.org/MajorSiteSections/Publications/MaterialsEvaluation,me@asnt.org (verify before sending),P1,Guest article: data-driven cost of spreadsheet certification tracking,Premier NDT peer-reviewed publication
Inspectioneering Journal,trade-publication,https://inspectioneering.com,editor@inspectioneering.com (verify before sending),P1,Article: replacing Maximo with purpose-built NDT ERP,Asset integrity audience; high authority
NDT.net,trade-publication,https://www.ndt.net,info@ndt.net (verify before sending),P1,Free technical articles + community presence; archive listing,Largest NDT online archive globally
NDE World magazine,trade-publication,https://www.ndeworld.com (verify before sending),editor@ndeworld.com (verify before sending),P2,Article submission for NDT software trends,Niche NDT magazine
AMPP Materials Performance,trade-publication,https://www.ampp.org/publications/materials-performance,mp@ampp.org (verify before sending),P2,Asset integrity ERP article,Combined NACE+SSPC audience
Welding Journal (AWS),trade-publication,https://www.aws.org/publications/welding-journal,publications@aws.org (verify before sending),P2,Article: CWI inspection record management,AWS audience cross-relevant for NDT
Oil & Gas Engineering,trade-publication,https://www.oilandgaseng.com,info@oilandgaseng.com (verify before sending),P2,O&G plant inspection software piece,Heavy O&G operator audience
Hydrocarbon Processing,trade-publication,https://www.hydrocarbonprocessing.com,editorial@hydrocarbonprocessing.com (verify before sending),P2,Refinery inspection management article,Refinery decision-makers
Pipeline & Gas Journal,trade-publication,https://pgjonline.com,editor@pgjonline.com (verify before sending),P2,Pipeline ILI / NDT data management piece,Pipeline integrity audience
Tank Storage Magazine,trade-publication,https://www.tankstoragemag.com,editor@tankstoragemag.com (verify before sending),P3,API 653 tank inspection ERP article,Tank inspection niche
World Pipelines,trade-publication,https://www.worldpipelines.com,editor@worldpipelines.com (verify before sending),P2,Pipeline NDT contractor workflow article,Global pipeline operator audience
Offshore Engineer,trade-publication,https://www.oedigital.com,editor@oedigital.com (verify before sending),P2,Offshore NDT contractor case study,Offshore O&G audience
Aerospace Manufacturing & Design,trade-publication,https://www.aerospacemanufacturinganddesign.com,info@aerospacemanufacturinganddesign.com (verify before sending),P3,Aerospace NDT compliance article,Aerospace NDT niche
Quality Magazine,trade-publication,https://www.qualitymag.com,quality@qualitymag.com (verify before sending),P2,Quality inspection software trends piece,Broader QA/QC audience
ASNT Pulse newsletter,trade-publication,https://www.asnt.org,pulse@asnt.org (verify before sending),P2,Sponsored content / ERP mention,Frequent ASNT member touchpoint
API - American Petroleum Institute,api-org,https://www.api.org,standards@api.org (verify before sending),P1,Atlantis ERP aligns with API 510/570/653 inspector workflows; committee involvement,Standards-body credibility
ASME - American Society of Mechanical Engineers,api-org,https://www.asme.org,standards@asme.org (verify before sending),P2,Section V NDT committee engagement; Atlantis aligned templates,ASME B&PVC reference
ISO TC 135 - NDT technical committee,api-org,https://www.iso.org/committee/52356.html,central@iso.org (verify before sending),P3,Standards alignment statement,Hardest body to engage; long lead time
AWS - American Welding Society technical committees,api-org,https://www.aws.org,info@aws.org (verify before sending),P2,CWI inspection module alignment,Welding inspection cross-relevance
NDT Professionals LinkedIn Group,linkedin-group,https://www.linkedin.com/groups/85812/,LinkedIn DM group admins (verify before sending),P1,Educational post offering free SNT-TC-1A template,Largest NDT LinkedIn community
API 510/570/653 Inspectors LinkedIn Group,linkedin-group,https://www.linkedin.com/groups/api-inspectors,LinkedIn DM group admins (verify before sending),P1,Free API inspector certification renewal tracker,High-intent inspector audience
Asset Integrity Management LinkedIn Group,linkedin-group,https://www.linkedin.com/groups/asset-integrity,LinkedIn DM group admins (verify before sending),P2,AIM workflow article + free template,Operator + EPC audience
Pipeline Integrity Engineers LinkedIn Group,linkedin-group,https://www.linkedin.com/groups/pipeline-integrity,LinkedIn DM group admins (verify before sending),P2,Pipeline inspection record management post,Pipeline engineers
ASNT Level III Professionals LinkedIn Group,linkedin-group,https://www.linkedin.com/groups/asnt-level-iii,LinkedIn DM group admins (verify before sending),P1,Founder is ASNT Level III; share procedure mgmt template,Direct peer credibility
Calibration Lab Managers LinkedIn Group,linkedin-group,https://www.linkedin.com/groups/calibration-labs,LinkedIn DM group admins (verify before sending),P2,Equipment calibration tracking template,Lab manager audience
ISO 17025 Lab Operations LinkedIn Group,linkedin-group,https://www.linkedin.com/groups/iso-17025,LinkedIn DM group admins (verify before sending),P2,ISO 17025 document control templates,Compliance-driven audience
Aerospace NDT LinkedIn Group,linkedin-group,https://www.linkedin.com/groups/aerospace-ndt,LinkedIn DM group admins (verify before sending),P3,NAS 410 aligned tracking,Aerospace NDT niche
Welding Inspection Professionals LinkedIn Group,linkedin-group,https://www.linkedin.com/groups/welding-inspection,LinkedIn DM group admins (verify before sending),P2,CWI record-keeping template,Cross-relevant welding audience
ADNOC Suppliers LinkedIn Group,linkedin-group,https://www.linkedin.com/groups/adnoc-suppliers,LinkedIn DM group admins (verify before sending),P2,Middle East NDT contractor angle; founder Saudi-based,GCC regional reach
NDT.net forum,technical-forum,https://www.ndt.net/forum/,forum self-registration (verify before sending),P1,Answer technical NDT questions; soft template link when relevant,Highest authority NDT forum
Inspectioneering Forum,technical-forum,https://inspectioneering.com/forums,forum self-registration (verify before sending),P1,Asset integrity discussion participation,Quality audience
Reddit r/NDT,technical-forum,https://www.reddit.com/r/NDT/,Reddit self-registration (verify before sending),P2,Helpful answers + free template link only when on-topic,Growing NDT community
Reddit r/welding (CWI threads),technical-forum,https://www.reddit.com/r/welding/,Reddit self-registration (verify before sending),P3,CWI cross-relevant answers,Welding audience overlap
Reddit r/AskEngineers,technical-forum,https://www.reddit.com/r/AskEngineers/,Reddit self-registration (verify before sending),P3,Occasional asset integrity question answers,General engineer audience
ASME PV&P forum,technical-forum,https://forum.asme.org,forum self-registration (verify before sending),P3,Pressure vessel inspection software discussion,Niche pressure vessel audience
Eng-Tips NDT forum,technical-forum,https://www.eng-tips.com/threadminder.cfm?pid=560,forum self-registration (verify before sending),P2,NDT thread participation,Strong engineer Q&A platform
Eng-Tips Pipeline forum,technical-forum,https://www.eng-tips.com/threadminder.cfm?pid=798,forum self-registration (verify before sending),P3,Pipeline inspection thread participation,Pipeline engineer audience
Hellier NDT (training),training-partner,https://www.hellier.com,info@hellier.com (verify before sending),P1,Recommend Atlantis ERP to Hellier graduates; no software competition,Largest US NDT training provider
Lavender International,training-partner,https://www.lavender-ndt.com,info@lavender-ndt.com (verify before sending),P1,UK/global training cross-link,Major global training authority
Moraine Valley NDT program,training-partner,https://www.morainevalley.edu/ndt,ndt@morainevalley.edu (verify before sending),P2,Community college NDT program partner,US Midwest NDT workforce
Spokane NDT Training,training-partner,https://www.spokanendt.com,info@spokanendt.com (verify before sending),P2,Regional partner cross-link,US Pacific NW training base
Acuren Training Centre,training-partner,https://www.acuren.com/training,training@acuren.com (verify before sending),P2,Canada/US training cross-link,Major NDT services group
Olympus Training Academy,training-partner,https://www.olympus-ims.com/training,training@olympus-ims.com (verify before sending),P3,Equipment vendor training cross-link,Equipment OEM partnership angle
Eddyfi Technologies Training,training-partner,https://www.eddyfi.com/training,training@eddyfi.com (verify before sending),P3,Equipment vendor cross-link,Equipment OEM angle
TUV SUD NDT Academy,training-partner,https://www.tuvsud.com,academy@tuvsud.com (verify before sending),P2,Global certification body training arm,Strong DACH and APAC reach
Bureau Veritas Training,training-partner,https://www.bureauveritas.com,training@bureauveritas.com (verify before sending),P2,Global inspection training arm,Operator-recognized brand
Applus+ Velosi Training,training-partner,https://www.applus.com,training@velosi.com (verify before sending),P2,Middle East training base,GCC training authority
Saudi Aramco Supplier Network forum,linkedin-group,https://www.linkedin.com/groups/aramco-suppliers,LinkedIn DM group admins (verify before sending),P1,Founder Saudi-based; GCC NDT supplier network,Home-market network for founder
